data;linia;zmiana;plan;wyprodukowano
01.10.2025;Linia_A;Zmiana_1;1002;1017
01.10.2025;Linia_A;Zmiana_2;1002;888
01.10.2025;Linia_A;Zmiana_3;999;840
01.10.2025;Linia_B;Zmiana_1;1193;978
01.10.2025;Linia_B;Zmiana_2;921;756
01.10.2025;Linia_B;Zmiana_3;958;843
01.10.2025;Linia_C;Zmiana_1;1034;874
01.10.2025;Linia_C;Zmiana_2;913;859
01.10.2025;Linia_C;Zmiana_3;952;813
02.10.2025;Linia_A;Zmiana_1;934;949
02.10.2025;Linia_A;Zmiana_2;901;1796
02.10.2025;Linia_A;Zmiana_3;1090;1031
02.10.2025;Linia_B;Zmiana_1;1170;974
02.10.2025;Linia_B;Zmiana_2;1136;977
02.10.2025;Linia_B;Zmiana_3;1116;962
02.10.2025;Linia_C;Zmiana_1;914;772
02.10.2025;Linia_C;Zmiana_2;908;849
02.10.2025;Linia_C;Zmiana_3;1062;996
03.10.2025;Linia_A;Zmiana_1;1034;1049
03.10.2025;Linia_A;Zmiana_2;961;834
03.10.2025;Linia_A;Zmiana_3;934;832
03.10.2025;Linia_B;Zmiana_1;1030;962
03.10.2025;Linia_B;Zmiana_2;1182;1061
03.10.2025;Linia_B;Zmiana_3;1078;889
03.10.2025;Linia_C;Zmiana_1;1121;942
03.10.2025;Linia_C;Zmiana_2;935;898
03.10.2025;Linia_C;Zmiana_3;965;881
04.10.2025;Linia_A;Zmiana_1;1183;1198
04.10.2025;Linia_A;Zmiana_2;1130;1080
04.10.2025;Linia_A;Zmiana_3;1020;961
04.10.2025;Linia_B;Zmiana_1;1097;983
04.10.2025;Linia_B;Zmiana_2;1133;986
04.10.2025;Linia_B;Zmiana_3;1132;996
04.10.2025;Linia_C;Zmiana_1;1194;1068
04.10.2025;Linia_C;Zmiana_2;1086;989
04.10.2025;Linia_C;Zmiana_3;1123;1073
05.10.2025;Linia_A;Zmiana_1;1059;1074
05.10.2025;Linia_A;Zmiana_2;1083;926
05.10.2025;Linia_A;Zmiana_3;997;912
05.10.2025;Linia_B;Zmiana_1;1100;954
05.10.2025;Linia_B;Zmiana_2;1158;1052
05.10.2025;Linia_B;Zmiana_3;1046;912
05.10.2025;Linia_C;Zmiana_1;1027;921
05.10.2025;Linia_C;Zmiana_2;1050;946
05.10.2025;Linia_C;Zmiana_3;1151;974
06.10.2025;Linia_A;Zmiana_1;1153;1168
06.10.2025;Linia_A;Zmiana_2;908;782
06.10.2025;Linia_A;Zmiana_3;1051;925
06.10.2025;Linia_B;Zmiana_1;1015;845
06.10.2025;Linia_B;Zmiana_2;1153;947
06.10.2025;Linia_B;Zmiana_3;1052;863
06.10.2025;Linia_C;Zmiana_1;1062;974
06.10.2025;Linia_C;Zmiana_2;967;827
06.10.2025;Linia_C;Zmiana_3;1034;959
07.10.2025;Linia_A;Zmiana_1;921;936
07.10.2025;Linia_A;Zmiana_2;1182;1046
07.10.2025;Linia_A;Zmiana_3;996;902
07.10.2025;Linia_B;Zmiana_1;1046;947
07.10.2025;Linia_B;Zmiana_2;1071;1029
07.10.2025;Linia_B;Zmiana_3;998;1930
07.10.2025;Linia_C;Zmiana_1;1080;978
07.10.2025;Linia_C;Zmiana_2;1060;919
07.10.2025;Linia_C;Zmiana_3;953;880
08.10.2025;Linia_A;Zmiana_1;1050;1065
08.10.2025;Linia_A;Zmiana_2;1172;1110
08.10.2025;Linia_A;Zmiana_3;1069;365
08.10.2025;Linia_B;Zmiana_1;912;759
08.10.2025;Linia_B;Zmiana_2;1163;1076
08.10.2025;Linia_B;Zmiana_3;1042;913
08.10.2025;Linia_C;Zmiana_1;950;845
08.10.2025;Linia_C;Zmiana_2;1170;800
08.10.2025;Linia_C;Zmiana_3;1163;365
09.10.2025;Linia_A;Zmiana_1;1161;1176
09.10.2025;Linia_A;Zmiana_2;1043;1007
09.10.2025;Linia_A;Zmiana_3;1044;918
09.10.2025;Linia_B;Zmiana_1;1128;956
09.10.2025;Linia_B;Zmiana_2;1028;869
09.10.2025;Linia_B;Zmiana_3;995;897
09.10.2025;Linia_C;Zmiana_1;1171;1050
09.10.2025;Linia_C;Zmiana_2;1146;947
09.10.2025;Linia_C;Zmiana_3;1084;944
10.10.2025;Linia_A;Zmiana_1;1137;1152
10.10.2025;Linia_A;Zmiana_2;1117;1043
10.10.2025;Linia_A;Zmiana_3;1153;1020
10.10.2025;Linia_B;Zmiana_1;999;825
10.10.2025;Linia_B;Zmiana_2;1156;1041
10.10.2025;Linia_B;Zmiana_3;915;759
10.10.2025;Linia_C;Zmiana_1;1059;1017
10.10.2025;Linia_C;Zmiana_2;1078;1016
10.10.2025;Linia_C;Zmiana_3;942;800
11.10.2025;Linia_A;Zmiana_1;994;1009
11.10.2025;Linia_A;Zmiana_2;1114;925
11.10.2025;Linia_A;Zmiana_3;989;861
11.10.2025;Linia_B;Zmiana_1;1013;926
11.10.2025;Linia_B;Zmiana_2;1176;1135
11.10.2025;Linia_B;Zmiana_3;1091;988
11.10.2025;Linia_C;Zmiana_1;995;866
11.10.2025;Linia_C;Zmiana_2;1082;1009
11.10.2025;Linia_C;Zmiana_3;1185;1132
12.10.2025;Linia_A;Zmiana_1;1086;1101
12.10.2025;Linia_A;Zmiana_2;975;851
12.10.2025;Linia_A;Zmiana_3;1043;925
12.10.2025;Linia_B;Zmiana_1;952;893
12.10.2025;Linia_B;Zmiana_2;1122;929
12.10.2025;Linia_B;Zmiana_3;1045;1008
12.10.2025;Linia_C;Zmiana_1;1152;1089
12.10.2025;Linia_C;Zmiana_2;1182;1094
12.10.2025;Linia_C;Zmiana_3;1064;909
13.10.2025;Linia_A;Zmiana_1;1044;1059
13.10.2025;Linia_A;Zmiana_2;1191;1043
13.10.2025;Linia_A;Zmiana_3;1101;578
13.10.2025;Linia_B;Zmiana_1;1141;1015
13.10.2025;Linia_B;Zmiana_2;900;829
13.10.2025;Linia_B;Zmiana_3;1016;979
13.10.2025;Linia_C;Zmiana_1;1072;885
13.10.2025;Linia_C;Zmiana_2;1112;1077
13.10.2025;Linia_C;Zmiana_3;1046;1009
14.10.2025;Linia_A;Zmiana_1;1042;1057
14.10.2025;Linia_A;Zmiana_2;1043;970
14.10.2025;Linia_A;Zmiana_3;1171;1116
14.10.2025;Linia_B;Zmiana_1;1021;866
14.10.2025;Linia_B;Zmiana_2;1119;978
14.10.2025;Linia_B;Zmiana_3;1111;1011
14.10.2025;Linia_C;Zmiana_1;945;785
14.10.2025;Linia_C;Zmiana_2;909;872
14.10.2025;Linia_C;Zmiana_3;1018;897
15.10.2025;Linia_A;Zmiana_1;1123;1138
15.10.2025;Linia_A;Zmiana_2;1182;2070
15.10.2025;Linia_A;Zmiana_3;1004;885
15.10.2025;Linia_B;Zmiana_1;905;836
15.10.2025;Linia_B;Zmiana_2;1032;1000
15.10.2025;Linia_B;Zmiana_3;952;915
15.10.2025;Linia_C;Zmiana_1;984;873
15.10.2025;Linia_C;Zmiana_2;1159;990
15.10.2025;Linia_C;Zmiana_3;933;815
16.10.2025;Linia_A;Zmiana_1;1167;1182
16.10.2025;Linia_A;Zmiana_2;1121;1052
16.10.2025;Linia_A;Zmiana_3;1106;1037
16.10.2025;Linia_B;Zmiana_1;1002;842
16.10.2025;Linia_B;Zmiana_2;1185;1070
16.10.2025;Linia_B;Zmiana_3;929;848
16.10.2025;Linia_C;Zmiana_1;1037;994
16.10.2025;Linia_C;Zmiana_2;968;936
16.10.2025;Linia_C;Zmiana_3;1104;411
17.10.2025;Linia_A;Zmiana_1;1082;1097
17.10.2025;Linia_A;Zmiana_2;1083;954
17.10.2025;Linia_A;Zmiana_3;960;814
17.10.2025;Linia_B;Zmiana_1;991;864
17.10.2025;Linia_B;Zmiana_2;900;810
17.10.2025;Linia_B;Zmiana_3;977;849
17.10.2025;Linia_C;Zmiana_1;1138;1020
17.10.2025;Linia_C;Zmiana_2;1191;1120
17.10.2025;Linia_C;Zmiana_3;1152;1115
18.10.2025;Linia_A;Zmiana_1;927;942
18.10.2025;Linia_A;Zmiana_2;913;768
18.10.2025;Linia_A;Zmiana_3;1137;1060
18.10.2025;Linia_B;Zmiana_1;1193;1073
18.10.2025;Linia_B;Zmiana_2;1101;654
18.10.2025;Linia_B;Zmiana_3;1025;858
18.10.2025;Linia_C;Zmiana_1;1111;990
18.10.2025;Linia_C;Zmiana_2;1010;1916
18.10.2025;Linia_C;Zmiana_3;1135;952
19.10.2025;Linia_A;Zmiana_1;1079;1094
19.10.2025;Linia_A;Zmiana_2;1128;1082
19.10.2025;Linia_A;Zmiana_3;1176;991
19.10.2025;Linia_B;Zmiana_1;994;823
19.10.2025;Linia_B;Zmiana_2;1142;939
19.10.2025;Linia_B;Zmiana_3;1122;698
19.10.2025;Linia_C;Zmiana_1;1017;873
19.10.2025;Linia_C;Zmiana_2;1102;998
19.10.2025;Linia_C;Zmiana_3;1017;942
20.10.2025;Linia_A;Zmiana_1;1012;1027
20.10.2025;Linia_A;Zmiana_2;1041;898
20.10.2025;Linia_A;Zmiana_3;1158;958
20.10.2025;Linia_B;Zmiana_1;1037;1004
20.10.2025;Linia_B;Zmiana_2;983;843
20.10.2025;Linia_B;Zmiana_3;1172;981
20.10.2025;Linia_C;Zmiana_1;993;830
20.10.2025;Linia_C;Zmiana_2;1036;881
20.10.2025;Linia_C;Zmiana_3;959;1907
21.10.2025;Linia_A;Zmiana_1;1185;1200
21.10.2025;Linia_A;Zmiana_2;977;877
21.10.2025;Linia_A;Zmiana_3;1195;1060
21.10.2025;Linia_B;Zmiana_1;922;816
21.10.2025;Linia_B;Zmiana_2;1044;996
21.10.2025;Linia_B;Zmiana_3;1033;898
21.10.2025;Linia_C;Zmiana_1;1010;922
21.10.2025;Linia_C;Zmiana_2;1056;889
21.10.2025;Linia_C;Zmiana_3;1188;980
22.10.2025;Linia_A;Zmiana_1;904;919
22.10.2025;Linia_A;Zmiana_2;1058;927
22.10.2025;Linia_A;Zmiana_3;1083;969
22.10.2025;Linia_B;Zmiana_1;946;833
22.10.2025;Linia_B;Zmiana_2;994;904
22.10.2025;Linia_B;Zmiana_3;968;913
22.10.2025;Linia_C;Zmiana_1;1099;971
22.10.2025;Linia_C;Zmiana_2;1117;1014
22.10.2025;Linia_C;Zmiana_3;1010;938
23.10.2025;Linia_A;Zmiana_1;1032;1047
23.10.2025;Linia_A;Zmiana_2;1186;1080
23.10.2025;Linia_A;Zmiana_3;1195;254
23.10.2025;Linia_B;Zmiana_1;1009;855
23.10.2025;Linia_B;Zmiana_2;1048;918
23.10.2025;Linia_B;Zmiana_3;1101;1035
23.10.2025;Linia_C;Zmiana_1;1190;1046
23.10.2025;Linia_C;Zmiana_2;974;933
23.10.2025;Linia_C;Zmiana_3;916;831
24.10.2025;Linia_A;Zmiana_1;924;939
24.10.2025;Linia_A;Zmiana_2;1060;926
24.10.2025;Linia_A;Zmiana_3;1055;898
24.10.2025;Linia_B;Zmiana_1;983;873
24.10.2025;Linia_B;Zmiana_2;962;932
24.10.2025;Linia_B;Zmiana_3;1156;102
24.10.2025;Linia_C;Zmiana_1;931;666
24.10.2025;Linia_C;Zmiana_2;1185;1120
24.10.2025;Linia_C;Zmiana_3;1074;965
25.10.2025;Linia_A;Zmiana_1;1065;1080
25.10.2025;Linia_A;Zmiana_2;954;917
25.10.2025;Linia_A;Zmiana_3;1061;935
25.10.2025;Linia_B;Zmiana_1;1077;126
25.10.2025;Linia_B;Zmiana_2;1154;949
25.10.2025;Linia_B;Zmiana_3;950;872
25.10.2025;Linia_C;Zmiana_1;995;963
25.10.2025;Linia_C;Zmiana_2;1064;894
25.10.2025;Linia_C;Zmiana_3;906;828
26.10.2025;Linia_A;Zmiana_1;984;999
26.10.2025;Linia_A;Zmiana_2;935;856
26.10.2025;Linia_A;Zmiana_3;1096;954
26.10.2025;Linia_B;Zmiana_1;1018;875
26.10.2025;Linia_B;Zmiana_2;1125;1067
26.10.2025;Linia_B;Zmiana_3;980;87
26.10.2025;Linia_C;Zmiana_1;1108;989
26.10.2025;Linia_C;Zmiana_2;908;818
26.10.2025;Linia_C;Zmiana_3;1100;924
27.10.2025;Linia_A;Zmiana_1;928;943
27.10.2025;Linia_A;Zmiana_2;1045;939
27.10.2025;Linia_A;Zmiana_3;916;806
27.10.2025;Linia_B;Zmiana_1;1016;834
27.10.2025;Linia_B;Zmiana_2;1186;400
27.10.2025;Linia_B;Zmiana_3;1072;1013
27.10.2025;Linia_C;Zmiana_1;1089;977
27.10.2025;Linia_C;Zmiana_2;1080;983
27.10.2025;Linia_C;Zmiana_3;1166;1006
28.10.2025;Linia_A;Zmiana_1;997;1012
28.10.2025;Linia_A;Zmiana_2;1188;1022
28.10.2025;Linia_A;Zmiana_3;1143;946
28.10.2025;Linia_B;Zmiana_1;1100;1029
28.10.2025;Linia_B;Zmiana_2;1100;960
28.10.2025;Linia_B;Zmiana_3;960;886
28.10.2025;Linia_C;Zmiana_1;1030;856
28.10.2025;Linia_C;Zmiana_2;911;796
28.10.2025;Linia_C;Zmiana_3;956;847
29.10.2025;Linia_A;Zmiana_1;1163;1178
29.10.2025;Linia_A;Zmiana_2;1097;1060
29.10.2025;Linia_A;Zmiana_3;1042;962
29.10.2025;Linia_B;Zmiana_1;946;781
29.10.2025;Linia_B;Zmiana_2;985;942
29.10.2025;Linia_B;Zmiana_3;1036;879
29.10.2025;Linia_C;Zmiana_1;981;914
29.10.2025;Linia_C;Zmiana_2;913;830
29.10.2025;Linia_C;Zmiana_3;1030;952
30.10.2025;Linia_A;Zmiana_1;938;953
30.10.2025;Linia_A;Zmiana_2;1109;995
30.10.2025;Linia_A;Zmiana_3;1126;1070
30.10.2025;Linia_B;Zmiana_1;1040;856
30.10.2025;Linia_B;Zmiana_2;1144;1020
30.10.2025;Linia_B;Zmiana_3;964;825
30.10.2025;Linia_C;Zmiana_1;1045;1893
30.10.2025;Linia_C;Zmiana_2;972;813
30.10.2025;Linia_C;Zmiana_3;1039;1001
31.10.2025;Linia_A;Zmiana_1;1194;1209
31.10.2025;Linia_A;Zmiana_2;961;876
31.10.2025;Linia_A;Zmiana_3;951;789
31.10.2025;Linia_B;Zmiana_1;1006;851
31.10.2025;Linia_B;Zmiana_2;1161;1091
31.10.2025;Linia_B;Zmiana_3;1076;965
31.10.2025;Linia_C;Zmiana_1;1077;962
31.10.2025;Linia_C;Zmiana_2;902;850
31.10.2025;Linia_C;Zmiana_3;967;877
01.11.2025;Linia_A;Zmiana_1;1022;1037
01.11.2025;Linia_A;Zmiana_2;1125;1067
01.11.2025;Linia_A;Zmiana_3;939;901
01.11.2025;Linia_B;Zmiana_1;937;804
01.11.2025;Linia_B;Zmiana_2;936;798
01.11.2025;Linia_B;Zmiana_3;980;812
01.11.2025;Linia_C;Zmiana_1;1014;956
01.11.2025;Linia_C;Zmiana_2;1136;1056
01.11.2025;Linia_C;Zmiana_3;958;910
02.11.2025;Linia_A;Zmiana_1;944;959
02.11.2025;Linia_A;Zmiana_2;1087;2917
02.11.2025;Linia_A;Zmiana_3;922;2756
02.11.2025;Linia_B;Zmiana_1;981;924
02.11.2025;Linia_B;Zmiana_2;911;747
02.11.2025;Linia_B;Zmiana_3;1012;914
02.11.2025;Linia_C;Zmiana_1;973;860
02.11.2025;Linia_C;Zmiana_2;1121;1045
02.11.2025;Linia_C;Zmiana_3;1141;1097
03.11.2025;Linia_A;Zmiana_1;1092;1107
03.11.2025;Linia_A;Zmiana_2;1091;1005
03.11.2025;Linia_A;Zmiana_3;906;751
03.11.2025;Linia_B;Zmiana_1;978;922
03.11.2025;Linia_B;Zmiana_2;1125;1090
03.11.2025;Linia_B;Zmiana_3;938;843
03.11.2025;Linia_C;Zmiana_1;974;830
03.11.2025;Linia_C;Zmiana_2;983;902
03.11.2025;Linia_C;Zmiana_3;920;879
04.11.2025;Linia_A;Zmiana_1;1161;1176
04.11.2025;Linia_A;Zmiana_2;1156;1003
04.11.2025;Linia_A;Zmiana_3;1062;875
04.11.2025;Linia_B;Zmiana_1;911;823
04.11.2025;Linia_B;Zmiana_2;1044;870
04.11.2025;Linia_B;Zmiana_3;1080;1033
04.11.2025;Linia_C;Zmiana_1;945;840
04.11.2025;Linia_C;Zmiana_2;1172;1067
04.11.2025;Linia_C;Zmiana_3;1016;923
05.11.2025;Linia_A;Zmiana_1;1176;1191
05.11.2025;Linia_A;Zmiana_2;1065;1919
05.11.2025;Linia_A;Zmiana_3;1188;1143
05.11.2025;Linia_B;Zmiana_1;1166;1040
05.11.2025;Linia_B;Zmiana_2;975;443
05.11.2025;Linia_B;Zmiana_3;991;917
05.11.2025;Linia_C;Zmiana_1;1141;991
05.11.2025;Linia_C;Zmiana_2;1132;987
05.11.2025;Linia_C;Zmiana_3;1015;886
06.11.2025;Linia_A;Zmiana_1;1073;1088
06.11.2025;Linia_A;Zmiana_2;1022;842
06.11.2025;Linia_A;Zmiana_3;940;870
06.11.2025;Linia_B;Zmiana_1;1010;951
06.11.2025;Linia_B;Zmiana_2;921;817
06.11.2025;Linia_B;Zmiana_3;911;780
06.11.2025;Linia_C;Zmiana_1;1142;973
06.11.2025;Linia_C;Zmiana_2;1120;1051
06.11.2025;Linia_C;Zmiana_3;1110;948
07.11.2025;Linia_A;Zmiana_1;1101;1116
07.11.2025;Linia_A;Zmiana_2;1106;949
07.11.2025;Linia_A;Zmiana_3;1112;1033
07.11.2025;Linia_B;Zmiana_1;1192;1039
07.11.2025;Linia_B;Zmiana_2;949;901
07.11.2025;Linia_B;Zmiana_3;1127;1071
07.11.2025;Linia_C;Zmiana_1;1194;1028
07.11.2025;Linia_C;Zmiana_2;1136;1010
07.11.2025;Linia_C;Zmiana_3;1124;943
08.11.2025;Linia_A;Zmiana_1;901;916
08.11.2025;Linia_A;Zmiana_2;1130;987
08.11.2025;Linia_A;Zmiana_3;1044;917
08.11.2025;Linia_B;Zmiana_1;965;915
08.11.2025;Linia_B;Zmiana_2;1063;1026
08.11.2025;Linia_B;Zmiana_3;1094;969
08.11.2025;Linia_C;Zmiana_1;1156;1025
08.11.2025;Linia_C;Zmiana_2;1183;976
08.11.2025;Linia_C;Zmiana_3;1064;997
09.11.2025;Linia_A;Zmiana_1;1029;1044
09.11.2025;Linia_A;Zmiana_2;1181;2975
09.11.2025;Linia_A;Zmiana_3;1060;949
09.11.2025;Linia_B;Zmiana_1;1080;963
09.11.2025;Linia_B;Zmiana_2;1184;458
09.11.2025;Linia_B;Zmiana_3;1193;1003
09.11.2025;Linia_C;Zmiana_1;1133;1053
09.11.2025;Linia_C;Zmiana_2;1163;980
09.11.2025;Linia_C;Zmiana_3;1074;992
10.11.2025;Linia_A;Zmiana_1;1013;1028
10.11.2025;Linia_A;Zmiana_2;1188;1081
10.11.2025;Linia_A;Zmiana_3;989;862
10.11.2025;Linia_B;Zmiana_1;962;929
10.11.2025;Linia_B;Zmiana_2;1075;1002
10.11.2025;Linia_B;Zmiana_3;1058;984
10.11.2025;Linia_C;Zmiana_1;1001;886
10.11.2025;Linia_C;Zmiana_2;1178;784
10.11.2025;Linia_C;Zmiana_3;988;858
11.11.2025;Linia_A;Zmiana_1;1098;1113
11.11.2025;Linia_A;Zmiana_2;1123;983
11.11.2025;Linia_A;Zmiana_3;1009;924
11.11.2025;Linia_B;Zmiana_1;902;813
11.11.2025;Linia_B;Zmiana_2;1016;957
11.11.2025;Linia_B;Zmiana_3;1032;907
11.11.2025;Linia_C;Zmiana_1;1199;1068
11.11.2025;Linia_C;Zmiana_2;920;781
11.11.2025;Linia_C;Zmiana_3;1180;1083
12.11.2025;Linia_A;Zmiana_1;1040;1055
12.11.2025;Linia_A;Zmiana_2;951;875
12.11.2025;Linia_A;Zmiana_3;1190;1079
12.11.2025;Linia_B;Zmiana_1;1045;919
12.11.2025;Linia_B;Zmiana_2;989;829
12.11.2025;Linia_B;Zmiana_3;938;843
12.11.2025;Linia_C;Zmiana_1;1162;1095
12.11.2025;Linia_C;Zmiana_2;1017;912
12.11.2025;Linia_C;Zmiana_3;908;832
13.11.2025;Linia_A;Zmiana_1;1051;1066
13.11.2025;Linia_A;Zmiana_2;949;882
13.11.2025;Linia_A;Zmiana_3;1063;895
13.11.2025;Linia_B;Zmiana_1;1007;956
13.11.2025;Linia_B;Zmiana_2;1192;92
13.11.2025;Linia_B;Zmiana_3;977;893
13.11.2025;Linia_C;Zmiana_1;1157;996
13.11.2025;Linia_C;Zmiana_2;941;832
13.11.2025;Linia_C;Zmiana_3;1179;989
14.11.2025;Linia_A;Zmiana_1;1066;1081
14.11.2025;Linia_A;Zmiana_2;1063;902
14.11.2025;Linia_A;Zmiana_3;1095;970
14.11.2025;Linia_B;Zmiana_1;1059;954
14.11.2025;Linia_B;Zmiana_2;1199;1041
14.11.2025;Linia_B;Zmiana_3;1114;976
14.11.2025;Linia_C;Zmiana_1;1185;1030
14.11.2025;Linia_C;Zmiana_2;1186;1106
14.11.2025;Linia_C;Zmiana_3;1020;962
15.11.2025;Linia_A;Zmiana_1;1035;1050
15.11.2025;Linia_A;Zmiana_2;1014;854
15.11.2025;Linia_A;Zmiana_3;1147;1033
15.11.2025;Linia_B;Zmiana_1;1048;684
15.11.2025;Linia_B;Zmiana_2;1130;1073
15.11.2025;Linia_B;Zmiana_3;937;790
15.11.2025;Linia_C;Zmiana_1;1191;1030
15.11.2025;Linia_C;Zmiana_2;1157;1111
15.11.2025;Linia_C;Zmiana_3;1079;930
16.11.2025;Linia_A;Zmiana_1;1161;1176
16.11.2025;Linia_A;Zmiana_2;1138;1000
16.11.2025;Linia_A;Zmiana_3;1057;1005
16.11.2025;Linia_B;Zmiana_1;966;906
16.11.2025;Linia_B;Zmiana_2;1062;600
16.11.2025;Linia_B;Zmiana_3;1105;1067
16.11.2025;Linia_C;Zmiana_1;1180;1052
16.11.2025;Linia_C;Zmiana_2;1169;982
16.11.2025;Linia_C;Zmiana_3;924;850
17.11.2025;Linia_A;Zmiana_1;924;939
17.11.2025;Linia_A;Zmiana_2;1187;995
17.11.2025;Linia_A;Zmiana_3;919;814
17.11.2025;Linia_B;Zmiana_1;942;859
17.11.2025;Linia_B;Zmiana_2;1165;992
17.11.2025;Linia_B;Zmiana_3;955;825
17.11.2025;Linia_C;Zmiana_1;1048;878
17.11.2025;Linia_C;Zmiana_2;979;904
17.11.2025;Linia_C;Zmiana_3;1159;1123
18.11.2025;Linia_A;Zmiana_1;1023;1038
18.11.2025;Linia_A;Zmiana_2;906;814
18.11.2025;Linia_A;Zmiana_3;1128;990
18.11.2025;Linia_B;Zmiana_1;961;857
18.11.2025;Linia_B;Zmiana_2;1048;978
18.11.2025;Linia_B;Zmiana_3;964;837
18.11.2025;Linia_C;Zmiana_1;1080;1015
18.11.2025;Linia_C;Zmiana_2;1063;930
18.11.2025;Linia_C;Zmiana_3;1090;975
19.11.2025;Linia_A;Zmiana_1;933;948
19.11.2025;Linia_A;Zmiana_2;1132;1032
19.11.2025;Linia_A;Zmiana_3;941;897
19.11.2025;Linia_B;Zmiana_1;1019;83
19.11.2025;Linia_B;Zmiana_2;959;797
19.11.2025;Linia_B;Zmiana_3;1141;942
19.11.2025;Linia_C;Zmiana_1;1102;985
19.11.2025;Linia_C;Zmiana_2;1072;903
19.11.2025;Linia_C;Zmiana_3;1000;827
20.11.2025;Linia_A;Zmiana_1;942;957
20.11.2025;Linia_A;Zmiana_2;916;882
20.11.2025;Linia_A;Zmiana_3;1127;983
20.11.2025;Linia_B;Zmiana_1;950;803
20.11.2025;Linia_B;Zmiana_2;907;779
20.11.2025;Linia_B;Zmiana_3;1119;1068
20.11.2025;Linia_C;Zmiana_1;948;813
20.11.2025;Linia_C;Zmiana_2;1018;841
20.11.2025;Linia_C;Zmiana_3;1063;918
21.11.2025;Linia_A;Zmiana_1;1080;1095
21.11.2025;Linia_A;Zmiana_2;1170;978
21.11.2025;Linia_A;Zmiana_3;1052;921
21.11.2025;Linia_B;Zmiana_1;1112;1024
21.11.2025;Linia_B;Zmiana_2;1021;962
21.11.2025;Linia_B;Zmiana_3;1132;1020
21.11.2025;Linia_C;Zmiana_1;1048;1013
21.11.2025;Linia_C;Zmiana_2;1050;964
21.11.2025;Linia_C;Zmiana_3;921;829
22.11.2025;Linia_A;Zmiana_1;1157;1172
22.11.2025;Linia_A;Zmiana_2;987;860
22.11.2025;Linia_A;Zmiana_3;1083;987
22.11.2025;Linia_B;Zmiana_1;929;883
22.11.2025;Linia_B;Zmiana_2;1085;891
22.11.2025;Linia_B;Zmiana_3;902;873
22.11.2025;Linia_C;Zmiana_1;909;846
22.11.2025;Linia_C;Zmiana_2;965;842
22.11.2025;Linia_C;Zmiana_3;985;932
23.11.2025;Linia_A;Zmiana_1;1108;1123
23.11.2025;Linia_A;Zmiana_2;919;798
23.11.2025;Linia_A;Zmiana_3;1110;1076
23.11.2025;Linia_B;Zmiana_1;923;786
23.11.2025;Linia_B;Zmiana_2;1101;1005
23.11.2025;Linia_B;Zmiana_3;1172;1064
23.11.2025;Linia_C;Zmiana_1;902;748
23.11.2025;Linia_C;Zmiana_2;1153;1029
23.11.2025;Linia_C;Zmiana_3;1058;871
24.11.2025;Linia_A;Zmiana_1;1051;1066
24.11.2025;Linia_A;Zmiana_2;1091;979
24.11.2025;Linia_A;Zmiana_3;1082;1006
24.11.2025;Linia_B;Zmiana_1;1015;841
24.11.2025;Linia_B;Zmiana_2;1097;1004
24.11.2025;Linia_B;Zmiana_3;946;894
24.11.2025;Linia_C;Zmiana_1;960;928
24.11.2025;Linia_C;Zmiana_2;1153;1046
24.11.2025;Linia_C;Zmiana_3;934;826
25.11.2025;Linia_A;Zmiana_1;948;963
25.11.2025;Linia_A;Zmiana_2;989;822
25.11.2025;Linia_A;Zmiana_3;1028;963
25.11.2025;Linia_B;Zmiana_1;983;902
25.11.2025;Linia_B;Zmiana_2;1005;866
25.11.2025;Linia_B;Zmiana_3;1169;1002
25.11.2025;Linia_C;Zmiana_1;1104;949
25.11.2025;Linia_C;Zmiana_2;1149;1039
25.11.2025;Linia_C;Zmiana_3;1077;949
26.11.2025;Linia_A;Zmiana_1;1059;1074
26.11.2025;Linia_A;Zmiana_2;1053;929
26.11.2025;Linia_A;Zmiana_3;981;825
26.11.2025;Linia_B;Zmiana_1;1060;893
26.11.2025;Linia_B;Zmiana_2;1188;1067
26.11.2025;Linia_B;Zmiana_3;927;860
26.11.2025;Linia_C;Zmiana_1;1076;970
26.11.2025;Linia_C;Zmiana_2;997;890
26.11.2025;Linia_C;Zmiana_3;901;828
27.11.2025;Linia_A;Zmiana_1;997;1012
27.11.2025;Linia_A;Zmiana_2;1193;1122
27.11.2025;Linia_A;Zmiana_3;1176;993
27.11.2025;Linia_B;Zmiana_1;1042;886
27.11.2025;Linia_B;Zmiana_2;1113;939
27.11.2025;Linia_B;Zmiana_3;925;835
27.11.2025;Linia_C;Zmiana_1;943;849
27.11.2025;Linia_C;Zmiana_2;988;869
27.11.2025;Linia_C;Zmiana_3;1167;1048
28.11.2025;Linia_A;Zmiana_1;971;986
28.11.2025;Linia_A;Zmiana_2;941;834
28.11.2025;Linia_A;Zmiana_3;1162;1059
28.11.2025;Linia_B;Zmiana_1;1182;1018
28.11.2025;Linia_B;Zmiana_2;1028;848
28.11.2025;Linia_B;Zmiana_3;1075;906
28.11.2025;Linia_C;Zmiana_1;931;779
28.11.2025;Linia_C;Zmiana_2;1028;907
28.11.2025;Linia_C;Zmiana_3;1168;1014
29.11.2025;Linia_A;Zmiana_1;924;939
29.11.2025;Linia_A;Zmiana_2;1053;876
29.11.2025;Linia_A;Zmiana_3;1088;947
29.11.2025;Linia_B;Zmiana_1;1110;1036
29.11.2025;Linia_B;Zmiana_2;1112;954
29.11.2025;Linia_B;Zmiana_3;1185;1002
29.11.2025;Linia_C;Zmiana_1;1147;955
29.11.2025;Linia_C;Zmiana_2;1062;893
29.11.2025;Linia_C;Zmiana_3;974;893
30.11.2025;Linia_A;Zmiana_1;1007;1022
30.11.2025;Linia_A;Zmiana_2;1111;1034
30.11.2025;Linia_A;Zmiana_3;1147;952
30.11.2025;Linia_B;Zmiana_1;1023;991
30.11.2025;Linia_B;Zmiana_2;1193;265
30.11.2025;Linia_B;Zmiana_3;1016;895
30.11.2025;Linia_C;Zmiana_1;938;882
30.11.2025;Linia_C;Zmiana_2;1109;1017
30.11.2025;Linia_C;Zmiana_3;990;869
01.12.2025;Linia_A;Zmiana_1;999;1014
01.12.2025;Linia_A;Zmiana_2;929;873
01.12.2025;Linia_A;Zmiana_3;1169;1119
01.12.2025;Linia_B;Zmiana_1;1009;965
01.12.2025;Linia_B;Zmiana_2;1183;973
01.12.2025;Linia_B;Zmiana_3;1019;943
01.12.2025;Linia_C;Zmiana_1;1185;979
01.12.2025;Linia_C;Zmiana_2;1041;947
01.12.2025;Linia_C;Zmiana_3;940;777
02.12.2025;Linia_A;Zmiana_1;1019;1034
02.12.2025;Linia_A;Zmiana_2;1167;1058
02.12.2025;Linia_A;Zmiana_3;1154;1060
02.12.2025;Linia_B;Zmiana_1;1071;896
02.12.2025;Linia_B;Zmiana_2;934;320
02.12.2025;Linia_B;Zmiana_3;975;867
02.12.2025;Linia_C;Zmiana_1;992;838
02.12.2025;Linia_C;Zmiana_2;1056;967
02.12.2025;Linia_C;Zmiana_3;1159;1017
03.12.2025;Linia_A;Zmiana_1;1093;1108
03.12.2025;Linia_A;Zmiana_2;971;888
03.12.2025;Linia_A;Zmiana_3;1109;969
03.12.2025;Linia_B;Zmiana_1;1035;885
03.12.2025;Linia_B;Zmiana_2;1008;899
03.12.2025;Linia_B;Zmiana_3;1076;965
03.12.2025;Linia_C;Zmiana_1;942;891
03.12.2025;Linia_C;Zmiana_2;1194;1122
03.12.2025;Linia_C;Zmiana_3;936;807
04.12.2025;Linia_A;Zmiana_1;1176;1191
04.12.2025;Linia_A;Zmiana_2;1091;1009
04.12.2025;Linia_A;Zmiana_3;1067;942
04.12.2025;Linia_B;Zmiana_1;1139;984
04.12.2025;Linia_B;Zmiana_2;1149;1066
04.12.2025;Linia_B;Zmiana_3;1073;888
04.12.2025;Linia_C;Zmiana_1;1076;979
04.12.2025;Linia_C;Zmiana_2;1060;941
04.12.2025;Linia_C;Zmiana_3;1138;1004
05.12.2025;Linia_A;Zmiana_1;1142;1157
05.12.2025;Linia_A;Zmiana_2;1165;1043
05.12.2025;Linia_A;Zmiana_3;1158;1075
05.12.2025;Linia_B;Zmiana_1;1065;1005
05.12.2025;Linia_B;Zmiana_2;980;905
05.12.2025;Linia_B;Zmiana_3;1112;1046
05.12.2025;Linia_C;Zmiana_1;1193;1129
05.12.2025;Linia_C;Zmiana_2;998;829
05.12.2025;Linia_C;Zmiana_3;1087;928
06.12.2025;Linia_A;Zmiana_1;940;955
06.12.2025;Linia_A;Zmiana_2;1066;955
06.12.2025;Linia_A;Zmiana_3;1095;905
06.12.2025;Linia_B;Zmiana_1;946;797
06.12.2025;Linia_B;Zmiana_2;1025;932
06.12.2025;Linia_B;Zmiana_3;1075;916
06.12.2025;Linia_C;Zmiana_1;1012;851
06.12.2025;Linia_C;Zmiana_2;966;931
06.12.2025;Linia_C;Zmiana_3;1133;996
07.12.2025;Linia_A;Zmiana_1;1021;1036
07.12.2025;Linia_A;Zmiana_2;986;874
07.12.2025;Linia_A;Zmiana_3;976;889
07.12.2025;Linia_B;Zmiana_1;1008;973
07.12.2025;Linia_B;Zmiana_2;1064;546
07.12.2025;Linia_B;Zmiana_3;941;888
07.12.2025;Linia_C;Zmiana_1;920;887
07.12.2025;Linia_C;Zmiana_2;991;899
07.12.2025;Linia_C;Zmiana_3;1010;951
08.12.2025;Linia_A;Zmiana_1;1003;1018
08.12.2025;Linia_A;Zmiana_2;907;749
08.12.2025;Linia_A;Zmiana_3;963;875
08.12.2025;Linia_B;Zmiana_1;1145;961
08.12.2025;Linia_B;Zmiana_2;1083;932
08.12.2025;Linia_B;Zmiana_3;916;881
08.12.2025;Linia_C;Zmiana_1;969;880
08.12.2025;Linia_C;Zmiana_2;1115;988
08.12.2025;Linia_C;Zmiana_3;1078;1028
09.12.2025;Linia_A;Zmiana_1;1062;1077
09.12.2025;Linia_A;Zmiana_2;1015;832
09.12.2025;Linia_A;Zmiana_3;1046;906
09.12.2025;Linia_B;Zmiana_1;1107;1034
09.12.2025;Linia_B;Zmiana_2;1070;1017
09.12.2025;Linia_B;Zmiana_3;1103;1037
09.12.2025;Linia_C;Zmiana_1;918;780
09.12.2025;Linia_C;Zmiana_2;929;763
09.12.2025;Linia_C;Zmiana_3;936;871
10.12.2025;Linia_A;Zmiana_1;1131;1146
10.12.2025;Linia_A;Zmiana_2;1063;983
10.12.2025;Linia_A;Zmiana_3;1189;988
10.12.2025;Linia_B;Zmiana_1;971;812
10.12.2025;Linia_B;Zmiana_2;1189;976
10.12.2025;Linia_B;Zmiana_3;1044;486
10.12.2025;Linia_C;Zmiana_1;912;839
10.12.2025;Linia_C;Zmiana_2;1114;1068
10.12.2025;Linia_C;Zmiana_3;1017;882
11.12.2025;Linia_A;Zmiana_1;1132;1147
11.12.2025;Linia_A;Zmiana_2;952;840
11.12.2025;Linia_A;Zmiana_3;930;886
11.12.2025;Linia_B;Zmiana_1;953;791
11.12.2025;Linia_B;Zmiana_2;952;895
11.12.2025;Linia_B;Zmiana_3;1104;1057
11.12.2025;Linia_C;Zmiana_1;1189;998
11.12.2025;Linia_C;Zmiana_2;948;822
11.12.2025;Linia_C;Zmiana_3;1173;1010
12.12.2025;Linia_A;Zmiana_1;987;1002
12.12.2025;Linia_A;Zmiana_2;1056;1013
12.12.2025;Linia_A;Zmiana_3;1006;865
12.12.2025;Linia_B;Zmiana_1;999;955
12.12.2025;Linia_B;Zmiana_2;1011;971
12.12.2025;Linia_B;Zmiana_3;1117;1010
12.12.2025;Linia_C;Zmiana_1;1074;907
12.12.2025;Linia_C;Zmiana_2;1000;964
12.12.2025;Linia_C;Zmiana_3;993;854
13.12.2025;Linia_A;Zmiana_1;1000;1015
13.12.2025;Linia_A;Zmiana_2;1045;956
13.12.2025;Linia_A;Zmiana_3;912;804
13.12.2025;Linia_B;Zmiana_1;915;801
13.12.2025;Linia_B;Zmiana_2;999;920
13.12.2025;Linia_B;Zmiana_3;1115;1069
13.12.2025;Linia_C;Zmiana_1;1048;966
13.12.2025;Linia_C;Zmiana_2;920;794
13.12.2025;Linia_C;Zmiana_3;952;818
14.12.2025;Linia_A;Zmiana_1;945;960
14.12.2025;Linia_A;Zmiana_2;1037;855
14.12.2025;Linia_A;Zmiana_3;1167;1061
14.12.2025;Linia_B;Zmiana_1;1127;931
14.12.2025;Linia_B;Zmiana_2;1018;952
14.12.2025;Linia_B;Zmiana_3;1085;1029
14.12.2025;Linia_C;Zmiana_1;1132;948
14.12.2025;Linia_C;Zmiana_2;1123;970
14.12.2025;Linia_C;Zmiana_3;1143;1047
15.12.2025;Linia_A;Zmiana_1;1034;1049
15.12.2025;Linia_A;Zmiana_2;1163;1090
15.12.2025;Linia_A;Zmiana_3;944;830
15.12.2025;Linia_B;Zmiana_1;997;907
15.12.2025;Linia_B;Zmiana_2;1023;911
15.12.2025;Linia_B;Zmiana_3;1003;964
15.12.2025;Linia_C;Zmiana_1;1042;942
15.12.2025;Linia_C;Zmiana_2;958;889
15.12.2025;Linia_C;Zmiana_3;1166;1127
16.12.2025;Linia_A;Zmiana_1;948;963
16.12.2025;Linia_A;Zmiana_2;1073;889
16.12.2025;Linia_A;Zmiana_3;983;899
16.12.2025;Linia_B;Zmiana_1;1125;963
16.12.2025;Linia_B;Zmiana_2;945;785
16.12.2025;Linia_B;Zmiana_3;977;881
16.12.2025;Linia_C;Zmiana_1;1121;1013
16.12.2025;Linia_C;Zmiana_2;1134;1044
16.12.2025;Linia_C;Zmiana_3;949;899
17.12.2025;Linia_A;Zmiana_1;967;982
17.12.2025;Linia_A;Zmiana_2;988;946
17.12.2025;Linia_A;Zmiana_3;1053;865
17.12.2025;Linia_B;Zmiana_1;1006;884
17.12.2025;Linia_B;Zmiana_2;1040;986
17.12.2025;Linia_B;Zmiana_3;938;879
17.12.2025;Linia_C;Zmiana_1;985;896
17.12.2025;Linia_C;Zmiana_2;935;816
17.12.2025;Linia_C;Zmiana_3;1115;1049
18.12.2025;Linia_A;Zmiana_1;990;1005
18.12.2025;Linia_A;Zmiana_2;1072;898
18.12.2025;Linia_A;Zmiana_3;933;904
18.12.2025;Linia_B;Zmiana_1;1140;1043
18.12.2025;Linia_B;Zmiana_2;1062;880
18.12.2025;Linia_B;Zmiana_3;916;859
18.12.2025;Linia_C;Zmiana_1;1080;943
18.12.2025;Linia_C;Zmiana_2;957;910
18.12.2025;Linia_C;Zmiana_3;1092;924
19.12.2025;Linia_A;Zmiana_1;967;982
19.12.2025;Linia_A;Zmiana_2;975;910
19.12.2025;Linia_A;Zmiana_3;1053;1004
19.12.2025;Linia_B;Zmiana_1;1031;972
19.12.2025;Linia_B;Zmiana_2;940;812
19.12.2025;Linia_B;Zmiana_3;1170;1113
19.12.2025;Linia_C;Zmiana_1;1179;1112
19.12.2025;Linia_C;Zmiana_2;923;805
19.12.2025;Linia_C;Zmiana_3;1080;931
20.12.2025;Linia_A;Zmiana_1;1153;1168
20.12.2025;Linia_A;Zmiana_2;1037;881
20.12.2025;Linia_A;Zmiana_3;902;859
20.12.2025;Linia_B;Zmiana_1;937;871
20.12.2025;Linia_B;Zmiana_2;929;807
20.12.2025;Linia_B;Zmiana_3;1105;926
20.12.2025;Linia_C;Zmiana_1;921;809
20.12.2025;Linia_C;Zmiana_2;1140;999
20.12.2025;Linia_C;Zmiana_3;931;786
21.12.2025;Linia_A;Zmiana_1;909;924
21.12.2025;Linia_A;Zmiana_2;947;818
21.12.2025;Linia_A;Zmiana_3;1001;938
21.12.2025;Linia_B;Zmiana_1;987;832
21.12.2025;Linia_B;Zmiana_2;900;754
21.12.2025;Linia_B;Zmiana_3;1150;951
21.12.2025;Linia_C;Zmiana_1;969;843
21.12.2025;Linia_C;Zmiana_2;962;899
21.12.2025;Linia_C;Zmiana_3;1170;1048
22.12.2025;Linia_A;Zmiana_1;942;957
22.12.2025;Linia_A;Zmiana_2;1061;939
22.12.2025;Linia_A;Zmiana_3;1067;883
22.12.2025;Linia_B;Zmiana_1;1182;1054
22.12.2025;Linia_B;Zmiana_2;1046;919
22.12.2025;Linia_B;Zmiana_3;1047;964
22.12.2025;Linia_C;Zmiana_1;906;785
22.12.2025;Linia_C;Zmiana_2;982;897
22.12.2025;Linia_C;Zmiana_3;1025;900
23.12.2025;Linia_A;Zmiana_1;1039;1054
23.12.2025;Linia_A;Zmiana_2;956;909
23.12.2025;Linia_A;Zmiana_3;949;839
23.12.2025;Linia_B;Zmiana_1;946;829
23.12.2025;Linia_B;Zmiana_2;983;905
23.12.2025;Linia_B;Zmiana_3;1027;957
23.12.2025;Linia_C;Zmiana_1;1101;1053
23.12.2025;Linia_C;Zmiana_2;916;765
23.12.2025;Linia_C;Zmiana_3;1068;993
24.12.2025;Linia_A;Zmiana_1;1076;1091
24.12.2025;Linia_A;Zmiana_2;1190;1023
24.12.2025;Linia_A;Zmiana_3;1053;958
24.12.2025;Linia_B;Zmiana_1;940;783
24.12.2025;Linia_B;Zmiana_2;1189;1100
24.12.2025;Linia_B;Zmiana_3;1165;1034
24.12.2025;Linia_C;Zmiana_1;964;807
24.12.2025;Linia_C;Zmiana_2;978;833
24.12.2025;Linia_C;Zmiana_3;997;873
25.12.2025;Linia_A;Zmiana_1;967;982
25.12.2025;Linia_A;Zmiana_2;1037;912
25.12.2025;Linia_A;Zmiana_3;1187;1011
25.12.2025;Linia_B;Zmiana_1;1182;1046
25.12.2025;Linia_B;Zmiana_2;1170;1102
25.12.2025;Linia_B;Zmiana_3;1147;979
25.12.2025;Linia_C;Zmiana_1;1067;979
25.12.2025;Linia_C;Zmiana_2;1010;940
25.12.2025;Linia_C;Zmiana_3;1198;1026
26.12.2025;Linia_A;Zmiana_1;915;930
26.12.2025;Linia_A;Zmiana_2;1063;1020
26.12.2025;Linia_A;Zmiana_3;990;889
26.12.2025;Linia_B;Zmiana_1;972;827
26.12.2025;Linia_B;Zmiana_2;1081;254
26.12.2025;Linia_B;Zmiana_3;957;820
26.12.2025;Linia_C;Zmiana_1;991;874
26.12.2025;Linia_C;Zmiana_2;1159;1052
26.12.2025;Linia_C;Zmiana_3;1106;953
27.12.2025;Linia_A;Zmiana_1;1001;1016
27.12.2025;Linia_A;Zmiana_2;1101;1058
27.12.2025;Linia_A;Zmiana_3;1008;951
27.12.2025;Linia_B;Zmiana_1;1028;890
27.12.2025;Linia_B;Zmiana_2;1176;1095
27.12.2025;Linia_B;Zmiana_3;1052;993
27.12.2025;Linia_C;Zmiana_1;935;855
27.12.2025;Linia_C;Zmiana_2;996;864
27.12.2025;Linia_C;Zmiana_3;905;817
28.12.2025;Linia_A;Zmiana_1;986;1001
28.12.2025;Linia_A;Zmiana_2;1113;962
28.12.2025;Linia_A;Zmiana_3;1059;978
28.12.2025;Linia_B;Zmiana_1;1146;940
28.12.2025;Linia_B;Zmiana_2;1007;903
28.12.2025;Linia_B;Zmiana_3;1108;977
28.12.2025;Linia_C;Zmiana_1;1021;891
28.12.2025;Linia_C;Zmiana_2;1133;1032
28.12.2025;Linia_C;Zmiana_3;1017;867
29.12.2025;Linia_A;Zmiana_1;918;933
29.12.2025;Linia_A;Zmiana_2;1040;988
29.12.2025;Linia_A;Zmiana_3;947;862
29.12.2025;Linia_B;Zmiana_1;1194;1004
29.12.2025;Linia_B;Zmiana_2;1168;1026
29.12.2025;Linia_B;Zmiana_3;906;847
29.12.2025;Linia_C;Zmiana_1;1070;888
29.12.2025;Linia_C;Zmiana_2;1106;1053
29.12.2025;Linia_C;Zmiana_3;924;859
